{
  "monuments": [
    {
      "id": "taj-mahal",
      "name": "Taj Mahal",
      "panoramaImage": "taj-mahal.jpg",
      "hotspots": [
        {
          "id": "hotspot-1",
          "position": { "x": 0, "y": 0, "z": 5 },
          "narration": "The Taj Mahal is an ivory-white marble mausoleum on the south bank of the Yamuna river in the Indian city of Agra.",
          "info": "Built by Mughal emperor Shah Jahan in memory of his third wife, Mumtaz Mahal."
        },
        {
          "id": "hotspot-2",
          "position": { "x": 5, "y": 1, "z": 0 },
          "narration": "The tomb is the centrepiece of a 17-hectare (42-acre) complex, which includes a mosque and a guest house.",
          "info": "Construction of the mausoleum was essentially completed in 1643 but work continued on other phases of the project for another 10 years."
        }
      ]
    },
    {
      "id": "india-gate",
      "name": "India Gate",
      "panoramaImage": "india-gate.jpg",
      "hotspots": [
        {
          "id": "hotspot-1",
          "position": { "x": 0, "y": 0, "z": 4 },
          "narration": "The India Gate is a war memorial located astride the Rajpath, on the eastern edge of the ‘ceremonial axis’ of New Delhi, formerly called Kingsway.",
          "info": "It stands as a memorial to 70,000 soldiers of the British Indian Army who died in the period 1914–21 in the First World War."
        }
      ]
    },
    {
      "id": "gateway-of-india",
      "name": "Gateway of India",
      "panoramaImage": "gateway-of-india.jpg",
      "hotspots": [
        {
          "id": "hotspot-1",
          "position": { "x": 0, "y": 1, "z": 6 },
          "narration": "The Gateway of India is an arch-monument built in the early twentieth century in the city of Mumbai, in the Indian state of Maharashtra.",
          "info": "The gateway was erected to commemorate the landing of King-Emperor George V and Queen-Empress Mary at Apollo Bunder during their visit to India in 1911."
        }
      ]
    },
    {
      "id": "charminar",
      "name": "Charminar",
      "panoramaImage": "charminar.jpg",
      "hotspots": [
        {
          "id": "hotspot-1",
          "position": { "x": 0, "y": 2, "z": 5 },
          "narration": "The Charminar, constructed in 1591, is a monument and mosque located in Hyderabad, Telangana, India.",
          "info": "The landmark has become known globally as a symbol of Hyderabad and is listed among the most recognized structures in India."
        }
      ]
    },
    {
        "id": "hawa-mahal",
        "name": "Hawa Mahal",
        "panoramaImage": "hawa-mahal.jpg",
        "hotspots": [
          {
            "id": "hotspot-1",
            "position": { "x": 0, "y": 1, "z": 5 },
            "narration": "Hawa Mahal is a palace in Jaipur, India. Made with the red and pink sandstone, the palace sits on the edge of the City Palace, Jaipur, and extends to the Zenana, or women's chambers.",
            "info": "The structure was built in 1799 by Maharaja Sawai Pratap Singh, the grandson of Maharaja Sawai Jai Singh, who was the founder of the city of Jaipur."
          }
        ]
      }
  ]
}
